,time,theta,x_pivot,time_seconds,theta_scaled,theta_filtered
0,908,-1040,0,0.908,-1.56,-1.568834355
1,938,-1038,0,0.938,-1.557,-1.405159821
2,967,-793,0,0.967,-1.1895,-1.315391928
3,997,-657,0,0.997,-0.9855,-0.924154176
4,1027,-256,0,1.027,-0.384,-0.371135999
5,1054,68,0,1.054,0.102,-0.0061023
6,1081,-5,0,1.081,-0.0075,0.164391506
7,1108,364,0,1.108,0.546,0.386820234
8,1135,449,0,1.135,0.6735,0.765323923
9,1162,792,0,1.162,1.188,1.177282899
10,1190,1016,0,1.19,1.524,1.4639871
11,1218,981,0,1.218,1.4715,1.580996167
12,1247,1157,0,1.247,1.7355,1.597821166
13,1276,968,0,1.276,1.452,1.594303101
14,1305,1131,0,1.305,1.6965,1.585116796
15,1333,1012,0,1.333,1.518,1.567297888
16,1363,1044,0,1.363,1.566,1.57188525
17,1392,1081,0,1.392,1.6215,1.604148175
18,1421,1084,0,1.421,1.626,1.619605892
19,1450,1056,0,1.45,1.584,1.609679003
20,1480,1088,0,1.48,1.632,1.608981897
21,1510,1062,0,1.51,1.593,1.611794885
22,1539,1069,0,1.539,1.6035,1.570153589
23,1569,924,0,1.569,1.386,1.435088094
24,1599,809,0,1.599,1.2135,1.190996615
25,1629,660,0,1.629,0.99,0.947959925
26,1659,544,0,1.659,0.816,0.858917907
27,1689,456,0,1.689,0.684,0.788643249
28,1718,471,0,1.718,0.7065,0.408280626
29,1747,-377,0,1.747,-0.5655,-0.231848456
30,1777,-371,0,1.777,-0.5565,-0.738820265
31,1806,-680,0,1.806,-1.02,-0.992507232
32,1836,-767,0,1.836,-1.1505,-1.157355459
33,1865,-895,0,1.865,-1.3425,-1.281317901
34,1895,-859,0,1.895,-1.2885,-1.353192995
35,1924,-965,0,1.924,-1.4475,-1.445202625
36,1954,-1061,0,1.954,-1.5915,-1.554684499
37,1983,-1074,0,1.983,-1.611,-1.610050823
38,2012,-1046,0,2.012,-1.569,-1.634857491
39,2041,-1168,0,2.041,-1.752,-1.667752682
40,2071,-1076,0,2.071,-1.614,-1.666249272
41,2101,-1104,0,2.101,-1.656,-1.639351844
42,2131,-1121,0,2.131,-1.6815,-1.684897188
43,2161,-1201,0,2.161,-1.8015,-1.787751539
44,2190,-1126,0,2.19,-1.689,-1.732807048
45,2220,-966,0,2.22,-1.449,-1.395699207
46,2249,-700,0,2.249,-1.05,-1.061419637
47,2279,-731,0,2.279,-1.0965,-1.06599047
48,2309,-568,0,2.309,-0.852,-1.104702803
49,2339,-772,0,2.339,-1.158,-0.643105686
50,2369,301,0,2.369,0.4515,0.013822808
51,2399,144,0,2.399,0.216,0.214365185
52,2430,-74,0,2.43,-0.111,0.231201818
53,2460,616,0,2.46,0.924,0.652847156
54,2489,772,0,2.489,1.158,1.182470447
55,2517,853,0,2.517,1.2795,1.319337295
56,2545,812,0,2.545,1.218,1.281972375
57,2574,994,0,2.574,1.491,1.39000065
58,2603,999,0,2.603,1.4985,1.508307649
59,2630,957,0,2.63,1.4355,1.512497797
60,2659,1065,0,2.659,1.5975,1.524560981
61,2688,1045,0,2.688,1.5675,1.589351046
62,2717,1069,0,2.717,1.6035,1.614309069
63,2746,1065,0,2.746,1.5975,1.587360132
64,2775,1064,0,2.775,1.596,1.581173457
65,2804,1023,0,2.804,1.5345,1.57940538
66,2833,1009,0,2.833,1.5135,1.471048865
67,2863,844,0,2.863,1.266,1.272270209
68,2893,783,0,2.893,1.1745,1.157075656
69,2923,659,0,2.923,0.9885,1.114240981
70,2952,744,0,2.952,1.116,0.906146958
71,2981,295,0,2.981,0.4425,0.539612503
72,3010,52,0,3.01,0.078,0.247670165
73,3039,200,0,3.039,0.3,-0.050882959
74,3068,-604,0,3.068,-0.906,-0.578142468
75,3095,-594,0,3.095,-0.891,-1.115910504
76,3123,-981,0,3.123,-1.4715,-1.306245517
77,3150,-770,0,3.15,-1.155,-1.259857075
78,3177,-857,0,3.177,-1.2855,-1.29588086
79,3204,-1020,0,3.204,-1.53,-1.422356013
80,3231,-926,0,3.231,-1.389,-1.494760977
81,3258,-1053,0,3.258,-1.5795,-1.534735959
82,3285,-1052,0,3.285,-1.578,-1.592449037
83,3311,-1092,0,3.311,-1.638,-1.612947126
84,3338,-1051,0,3.338,-1.5765,-1.595999617
85,3365,-1057,0,3.365,-1.5855,-1.601887327
86,3392,-1072,0,3.392,-1.608,-1.579048918
87,3419,-974,0,3.419,-1.461,-1.449573045
88,3446,-825,0,3.446,-1.2375,-1.301275173
89,3474,-894,0,3.474,-1.341,-1.255707537
90,3501,-773,0,3.501,-1.1595,-1.230786994
91,3528,-712,0,3.528,-1.068,-1.064225187
92,3555,-624,0,3.555,-0.936,-0.80087619
93,3582,-205,0,3.582,-0.3075,-0.563015154
94,3609,-278,0,3.609,-0.417,-0.224300755
95,3636,186,0,3.636,0.279,0.343977592
96,3663,786,0,3.663,1.179,0.884549247
97,3690,555,0,3.69,0.8325,1.121733972
98,3717,847,0,3.717,1.2705,1.171446354
99,3744,862,0,3.744,1.293,1.224529526
100,3772,795,0,3.772,1.1925,1.289910627
101,3799,935,0,3.799,1.4025,1.363495516
102,3825,972,0,3.825,1.458,1.453906381
103,3852,1011,0,3.852,1.5165,1.514492373
104,3880,1009,0,3.88,1.5135,1.531886436
105,3907,1033,0,3.907,1.5495,1.541725127
106,3934,1046,0,3.934,1.569,1.550291914
107,3961,1011,0,3.961,1.5165,1.539724719
108,3988,988,0,3.988,1.482,1.490487504
109,4015,958,0,4.015,1.437,1.395581824
110,4042,845,0,4.042,1.2675,1.293562642
111,4070,776,0,4.07,1.164,1.187258853
112,4097,670,0,4.097,1.005,0.990654338
113,4124,555,0,4.124,0.8325,0.737562176
114,4151,273,0,4.151,0.4095,0.588423139
115,4178,343,0,4.178,0.5145,0.437868541
116,4205,116,0,4.205,0.174,0.025761885
117,4233,-485,0,4.233,-0.7275,-0.477588945
118,4260,-378,0,4.26,-0.567,-0.720876979
119,4287,-616,0,4.287,-0.924,-0.857777344
120,4314,-697,0,4.314,-1.0455,-1.187219313
121,4341,-1177,0,4.341,-1.7655,-1.511494872
122,4368,-888,0,4.368,-1.332,-1.552885414
123,4395,-1027,0,4.395,-1.5405,-1.463242852
124,4422,-984,0,4.422,-1.476,-1.46337024
125,4449,-1024,0,4.449,-1.536,-1.528189336
126,4477,-1029,0,4.477,-1.5435,-1.599325708
127,4504,-1139,0,4.504,-1.7085,-1.651759615
128,4532,-1044,0,4.532,-1.566,-1.594707903
129,4559,-963,0,4.559,-1.4445,-1.4340198
130,4586,-916,0,4.586,-1.374,-1.362719301
131,4613,-927,0,4.613,-1.3905,-1.418354169
132,4640,-831,0,4.64,-1.2465,-1.29373154
133,4666,-706,0,4.666,-1.059,-0.82838946
134,4693,-15,0,4.693,-0.0225,-0.39042346
135,4720,-439,0,4.72,-0.6585,-0.336782706
136,4748,-188,0,4.748,-0.282,-0.419300924
137,4775,-60,0,4.775,-0.09,-0.162264049
138,4801,129,0,4.801,0.1935,0.42589193
139,4829,765,0,4.829,1.1475,0.886768063
140,4856,570,0,4.856,0.855,0.974642929
141,4883,570,0,4.883,0.855,0.932453536
142,4911,800,0,4.911,1.2,1.030269969
143,4939,729,0,4.939,1.0935,1.222091069
144,4968,943,0,4.968,1.4145,1.369534532
145,4997,964,0,4.997,1.446,1.44391731
146,5025,975,0,5.025,1.4625,1.468689195
147,5051,985,0,5.051,1.4775,1.474485143
148,5079,974,0,5.079,1.461,1.475137337
149,5106,979,0,5.106,1.4685,1.445859623
150,5133,921,0,5.133,1.3815,1.385747833
151,5161,872,0,5.161,1.308,1.338740579
152,5188,897,0,5.188,1.3455,1.298968726
153,5216,772,0,5.216,1.158,1.178597582
154,5244,587,0,5.244,0.8805,0.921101398
155,5273,480,0,5.273,0.72,0.628906075
156,5303,289,0,5.303,0.4335,0.485128265
157,5333,233,0,5.333,0.3495,0.441751178
158,5361,271,0,5.361,0.4065,0.19909839
159,5389,-301,0,5.389,-0.4515,-0.299561052
160,5416,-500,0,5.416,-0.75,-0.730650424
161,5443,-532,0,5.443,-0.798,-0.92123815
162,5471,-745,0,5.471,-1.1175,-1.026795787
163,5498,-755,0,5.498,-1.1325,-1.148675598
164,5525,-827,0,5.525,-1.2405,-1.245086378
165,5552,-869,0,5.552,-1.3035,-1.32318963
166,5579,-957,0,5.579,-1.4355,-1.40484968
167,5606,-961,0,5.606,-1.4415,-1.452826889
168,5633,-966,0,5.633,-1.449,-1.456275834
169,5661,-966,0,5.661,-1.449,-1.445774387
170,5689,-954,0,5.689,-1.431,-1.423523925
171,5717,-916,0,5.717,-1.374,-1.376105634
172,5747,-854,0,5.747,-1.281,-1.288586941
173,5776,-740,0,5.776,-1.11,-1.121592527
174,5805,-634,0,5.805,-0.951,-0.904888486
175,5832,-501,0,5.832,-0.7515,-0.77161167
176,5860,-402,0,5.86,-0.603,-0.686308084
177,5890,-345,0,5.89,-0.5175,-0.3854487
178,5920,88,0,5.92,0.132,0.121419965
179,5950,406,0,5.95,0.609,0.44473725
180,5980,208,0,5.98,0.312,0.483597589
181,6010,386,0,6.01,0.579,0.577534751
182,6040,671,0,6.04,1.0065,0.868969026
183,6069,707,0,6.069,1.0605,1.159373996
184,6099,838,0,6.099,1.257,1.313979527
185,6130,1017,0,6.13,1.5255,1.350978026
186,6160,781,0,6.16,1.1715,1.338802018
187,6190,961,0,6.19,1.4415,1.365568601
188,6220,955,0,6.22,1.4325,1.43074275
189,6250,948,0,6.25,1.422,1.442272443
190,6281,927,0,6.281,1.3905,1.382453391
191,6311,875,0,6.311,1.3125,1.314778823
192,6341,841,0,6.341,1.2615,1.249349436
193,6370,740,0,6.37,1.11,1.148457254
194,6400,739,0,6.4,1.1085,1.035738568
195,6428,588,0,6.428,0.882,0.953366711
196,6457,540,0,6.457,0.81,0.811683097
197,6485,395,0,6.485,0.5925,0.5129127
198,6513,120,0,6.513,0.18,0.213338982
199,6541,-29,0,6.541,-0.0435,0.086539069
200,6571,114,0,6.571,0.171,-0.048591079
201,6601,-326,0,6.601,-0.489,-0.380101163
202,6630,-525,0,6.63,-0.7875,-0.710100356
203,6660,-483,0,6.66,-0.7245,-0.86468603
204,6690,-709,0,6.69,-1.0635,-0.996575225
205,6719,-796,0,6.719,-1.194,-1.187886393
206,6749,-857,0,6.749,-1.2855,-1.293706639
207,6779,-847,0,6.779,-1.2705,-1.290697426
208,6808,-918,0,6.808,-1.377,-1.331728499
209,6837,-910,0,6.837,-1.365,-1.439366324
210,6867,-1037,0,6.867,-1.5555,-1.465734201
211,6897,-871,0,6.897,-1.3065,-1.362934763
212,6927,-830,0,6.927,-1.245,-1.250398219
213,6957,-818,0,6.957,-1.227,-1.193791181
214,6987,-743,0,6.987,-1.1145,-1.118076255
215,7017,-600,0,7.017,-0.9,-0.944766923
216,7047,-490,0,7.047,-0.735,-0.681374655
217,7077,-271,0,7.077,-0.4065,-0.399064994
218,7107,-30,0,7.107,-0.045,-0.155610653
219,7137,-81,0,7.137,-0.1215,0.061706259
220,7166,291,0,7.166,0.4365,0.258007211
221,7194,168,0,7.194,0.252,0.378643998
222,7223,354,0,7.223,0.531,0.44301895
223,7252,340,0,7.252,0.51,0.585510603
224,7282,620,0,7.282,0.93,0.86873375
225,7312,770,0,7.312,1.155,1.18677429
226,7341,925,0,7.341,1.3875,1.390664884
227,7371,972,0,7.371,1.458,1.42653529
228,7401,874,0,7.401,1.311,1.357128617
229,7431,893,0,7.431,1.3395,1.292659405
230,7460,834,0,7.46,1.251,1.285270311
231,7490,862,0,7.49,1.293,1.283504247
232,7520,821,0,7.52,1.2315,1.227595212
233,7550,793,0,7.55,1.1895,1.156312565
234,7580,669,0,7.58,1.0035,1.117211276
235,7610,804,0,7.61,1.206,1.041847849
236,7641,491,0,7.641,0.7365,0.861001157
237,7670,439,0,7.67,0.6585,0.635848623
238,7701,337,0,7.701,0.5055,0.452387203
239,7730,175,0,7.73,0.2625,0.289620469
240,7760,-46,0,7.76,-0.069,0.042378598
241,7789,-29,0,7.789,-0.0435,-0.320348115
242,7818,-649,0,7.818,-0.9735,-0.642766117
243,7846,-378,0,7.846,-0.567,-0.789426226
244,7874,-614,0,7.874,-0.921,-0.862521109
245,7904,-673,0,7.904,-1.0095,-0.984671718
246,7933,-726,0,7.933,-1.089,-1.102667061
247,7963,-774,0,7.963,-1.161,-1.171149822
248,7992,-823,0,7.992,-1.2345,-1.233408952
249,8023,-860,0,8.023,-1.29,-1.282387949
250,8053,-869,0,8.053,-1.3035,-1.284324838
251,8083,-804,0,8.083,-1.206,-1.259346622
252,8113,-829,0,8.113,-1.2435,-1.199769056
253,8143,-718,0,8.143,-1.077,-1.07711486
254,8173,-635,0,8.173,-0.9525,-0.966262361
255,8203,-611,0,8.203,-0.9165,-0.930288332
256,8233,-567,0,8.233,-0.8505,-0.844621386
257,8263,-456,0,8.263,-0.684,-0.597319805
258,8293,-76,0,8.293,-0.114,-0.308672675
259,8323,-225,0,8.323,-0.3375,-0.123421962
260,8352,86,0,8.352,0.129,0.002672179
261,8381,121,0,8.381,0.1815,0.174557931
262,8411,195,0,8.411,0.2925,0.408907829
263,8442,544,0,8.442,0.816,0.653046801
264,8472,472,0,8.472,0.708,0.849562128
265,8501,704,0,8.501,1.056,0.98438174
266,8530,737,0,8.53,1.1055,1.088754809
267,8560,730,0,8.56,1.095,1.180633644
268,8589,884,0,8.589,1.326,1.227167107
269,8618,769,0,8.618,1.1535,1.208740402
270,8647,785,0,8.647,1.1775,1.176001428
271,8677,789,0,8.677,1.1835,1.169677369
272,8706,776,0,8.706,1.164,1.153607353
273,8736,696,0,8.736,1.044,1.083088301
274,8765,670,0,8.765,1.005,0.957769451
275,8794,510,0,8.794,0.765,0.807470175
276,8824,484,0,8.824,0.726,0.680276409
277,8853,355,0,8.853,0.5325,0.582966063
278,8883,305,0,8.883,0.4575,0.438236997
279,8913,171,0,8.913,0.2565,0.205446926
280,8944,-91,0,8.944,-0.1365,-0.052341372
281,8974,-214,0,8.974,-0.321,-0.324351054
282,9004,-335,0,9.004,-0.5025,-0.645970933
283,9034,-738,0,9.034,-1.107,-0.898971319
284,9064,-557,0,9.064,-0.8355,-0.957396983
285,9094,-620,0,9.094,-0.93,-0.94537999
286,9125,-729,0,9.125,-1.0935,-1.021146706
287,9154,-727,0,9.154,-1.0905,-1.129483629
288,9184,-782,0,9.184,-1.173,-1.178311393
289,9214,-798,0,9.214,-1.197,-1.185523529
290,9244,-786,0,9.244,-1.179,-1.173759244
291,9272,-744,0,9.272,-1.116,-1.129366378
292,9301,-712,0,9.301,-1.068,-1.067142658
293,9330,-699,0,9.33,-1.0485,-1.024328546
294,9358,-630,0,9.358,-0.945,-0.978660396
295,9387,-559,0,9.387,-0.8385,-0.840537014
296,9417,-444,0,9.417,-0.666,-0.62137407
297,9447,-335,0,9.447,-0.5025,-0.471445027
298,9477,-54,0,9.477,-0.081,-0.358772821
299,9507,-385,0,9.507,-0.5775,-0.067558655
300,9536,499,0,9.536,0.7485,0.287168544
301,9564,164,0,9.564,0.246,0.393760386
302,9594,196,0,9.594,0.294,0.403021005
303,9624,480,0,9.624,0.72,0.628379327
304,9654,643,0,9.654,0.9645,0.899979299
305,9685,562,0,9.685,0.843,0.9660707
306,9715,693,0,9.715,1.0395,0.978769209
307,9745,727,0,9.745,1.0905,1.096713709
308,9775,803,0,9.775,1.2045,1.192392168
309,9804,761,0,9.804,1.1415,1.168405227
310,9834,754,0,9.834,1.131,1.115728255
311,9865,738,0,9.865,1.107,1.099465355
312,9895,692,0,9.895,1.038,1.065686328
313,9925,679,0,9.925,1.0185,0.974691216
314,9955,546,0,9.955,0.819,0.861851921
315,9984,504,0,9.984,0.756,0.739369462
316,10013,383,0,10.013,0.5745,0.565926916
317,10042,237,0,10.042,0.3555,0.361742918
318,10071,140,0,10.071,0.21,0.199755952
319,10101,-22,0,10.101,-0.033,0.050099745
320,10131,38,0,10.131,0.057,-0.147336795
321,10161,-374,0,10.161,-0.561,-0.30547238
322,10191,-133,0,10.191,-0.1995,-0.367250294
323,10220,-338,0,10.22,-0.507,-0.479430603
324,10250,-499,0,10.25,-0.7485,-0.715586112
325,10280,-611,0,10.28,-0.9165,-0.917625143
326,10310,-634,0,10.31,-0.951,-0.986369556
327,10340,-692,0,10.34,-1.038,-1.014723534
328,10369,-732,0,10.369,-1.098,-1.081571836
329,10399,-737,0,10.399,-1.1055,-1.151207317
330,10429,-808,0,10.429,-1.212,-1.163806701
331,10459,-719,0,10.459,-1.0785,-1.109022241
332,10489,-688,0,10.489,-1.032,-1.017554101
333,10519,-596,0,10.519,-0.894,-0.908086752
334,10550,-531,0,10.55,-0.7965,-0.784746057
335,10579,-471,0,10.579,-0.7065,-0.683978949
336,10609,-361,0,10.609,-0.5415,-0.615077899
337,10639,-368,0,10.639,-0.552,-0.480516685
338,10669,-151,0,10.669,-0.2265,-0.197264417
339,10698,228,0,10.698,0.342,0.167255742
340,10726,140,0,10.726,0.21,0.441279918
341,10756,374,0,10.756,0.561,0.471896162
342,10785,363,0,10.785,0.5445,0.344819613
343,10814,5,0,10.814,0.0075,0.409970046
344,10844,736,0,10.844,1.104,0.763589824
345,10874,613,0,10.874,0.9195,1.034203298
346,10903,652,0,10.903,0.978,1.01450658
347,10933,658,0,10.933,0.987,0.946802225
348,10963,666,0,10.963,0.999,0.997851573
349,10992,687,0,10.992,1.0305,1.047994458
350,11022,709,0,11.022,1.0635,1.03197216
351,11052,643,0,11.052,0.9645,1.016743906
352,11082,681,0,11.082,1.0215,0.981512461
353,11113,575,0,11.113,0.8625,0.850569519
354,11142,423,0,11.142,0.6345,0.681979272
355,11172,403,0,11.172,0.6045,0.577411059
356,11202,340,0,11.202,0.51,0.483357625
357,11232,134,0,11.232,0.201,0.284203899
358,11263,101,0,11.263,0.1515,0.015336833
359,11292,-236,0,11.292,-0.354,-0.191958525
360,11323,-133,0,11.323,-0.1995,-0.320216348
361,11353,-314,0,11.353,-0.471,-0.447665091
362,11381,-424,0,11.381,-0.636,-0.578470625
363,11412,-402,0,11.412,-0.603,-0.672934741
364,11442,-531,0,11.442,-0.7965,-0.759951037
365,11472,-571,0,11.472,-0.8565,-0.865671869
366,11502,-634,0,11.502,-0.951,-0.948234991
367,11532,-659,0,11.532,-0.9885,-0.989333272
368,11562,-681,0,11.562,-1.0215,-1.020476837
369,11592,-677,0,11.592,-1.0155,-1.029876109
370,11622,-670,0,11.622,-1.005,-0.979722162
371,11652,-609,0,11.652,-0.9135,-0.914727474
372,11683,-566,0,11.683,-0.849,-0.890609921
373,11712,-578,0,11.712,-0.867,-0.830739123
374,11742,-463,0,11.742,-0.6945,-0.660365335
375,11772,-261,0,11.772,-0.3915,-0.478522256
376,11801,-280,0,11.801,-0.42,-0.373432623
377,11830,-204,0,11.83,-0.306,-0.260160871
378,11859,9,0,11.859,0.0135,-0.070385315
379,11889,73,0,11.889,0.1095,0.137097089
380,11918,162,0,11.918,0.243,0.303376139
381,11946,337,0,11.946,0.5055,0.415362193
382,11975,308,0,11.975,0.462,0.496642592
383,12004,376,0,12.004,0.564,0.612246112
384,12034,568,0,12.034,0.852,0.769197314
385,12064,553,0,12.064,0.8295,0.886080214
386,12094,630,0,12.094,0.945,0.929278129
387,12124,632,0,12.124,0.948,0.94428958
388,12154,632,0,12.154,0.948,0.95418984
389,12184,636,0,12.184,0.954,0.945420575
390,12214,603,0,12.214,0.9045,0.917750588
391,12244,594,0,12.244,0.891,0.880061583
392,12273,551,0,12.273,0.8265,0.820025267
393,12304,446,0,12.304,0.669,0.703049509
394,12334,382,0,12.334,0.573,0.528477609
395,12363,244,0,12.363,0.366,0.379598717
396,12392,187,0,12.392,0.2805,0.302316897
397,12422,99,0,12.422,0.1485,0.16850979
398,12452,20,0,12.452,0.03,-0.107255331
399,12483,-359,0,12.483,-0.5385,-0.337981252
400,12513,-169,0,12.513,-0.2535,-0.373309286
401,12542,-245,0,12.542,-0.3675,-0.385564362
402,12572,-405,0,12.572,-0.6075,-0.53653691
403,12602,-460,0,12.602,-0.69,-0.716391095
404,12632,-526,0,12.632,-0.789,-0.811679144
405,12662,-593,0,12.662,-0.8895,-0.866220505
406,12692,-608,0,12.692,-0.912,-0.915792067
407,12723,-626,0,12.723,-0.939,-0.936099001
408,12752,-603,0,12.752,-0.9045,-0.92153134
409,12782,-599,0,12.782,-0.8985,-0.878434854
410,12812,-539,0,12.812,-0.8085,-0.818182276
411,12842,-526,0,12.842,-0.789,-0.774414658
412,12873,-453,0,12.873,-0.6795,-0.724094399
413,12903,-421,0,12.903,-0.6315,-0.573182914
414,12933,-214,0,12.933,-0.321,-0.349966274
415,12963,-164,0,12.963,-0.246,-0.228696914
416,12993,-85,0,12.993,-0.1275,-0.218259932
417,13023,-206,0,13.023,-0.309,-0.125619505
418,13052,153,0,13.052,0.2295,0.079057314
419,13083,189,0,13.083,0.2835,0.260912168
420,13113,171,0,13.113,0.2565,0.424980151
421,13143,495,0,13.143,0.7425,0.605612072
422,13173,485,0,13.173,0.7275,0.705465372
423,13203,398,0,13.203,0.597,0.725888882
424,13233,585,0,13.233,0.8775,0.782201235
425,13263,567,0,13.263,0.8505,0.85420204
426,13293,561,0,13.293,0.8415,0.870539916
427,13323,575,0,13.323,0.8625,0.866024475
428,13352,585,0,13.352,0.8775,0.856690908
429,13381,554,0,13.381,0.831,0.812135813
430,13410,466,0,13.41,0.699,0.766037746
431,13440,532,0,13.44,0.798,0.734525023
432,13470,419,0,13.47,0.6285,0.650054695
433,13499,340,0,13.499,0.51,0.51348597
434,13530,275,0,13.53,0.4125,0.408901481
435,13560,196,0,13.56,0.294,0.305981383
436,13590,74,0,13.59,0.111,0.090912472
437,13621,-111,0,13.621,-0.1665,-0.182735425
438,13651,-279,0,13.651,-0.4185,-0.336693248
439,13681,-174,0,13.681,-0.261,-0.362737578
440,13711,-310,0,13.711,-0.465,-0.41514056
441,13741,-377,0,13.741,-0.5655,-0.547498835
442,13771,-425,0,13.771,-0.6375,-0.681855073
443,13801,-528,0,13.801,-0.792,-0.765248221
444,13831,-541,0,13.831,-0.8115,-0.810349093
445,13861,-559,0,13.861,-0.8385,-0.846078108
446,13891,-577,0,13.891,-0.8655,-0.87800887
447,13921,-610,0,13.921,-0.915,-0.882214255
448,13951,-548,0,13.951,-0.822,-0.844210769
449,13982,-502,0,13.982,-0.753,-0.767690077
450,14012,-463,0,14.012,-0.6945,-0.664390556
451,14042,-407,0,14.042,-0.6105,-0.595168448
452,14073,-349,0,14.073,-0.5235,-0.611063264
453,14103,-478,0,14.103,-0.717,-0.613857187
454,14133,-288,0,14.133,-0.432,-0.472377849
455,14162,-148,0,14.162,-0.222,-0.246312447
456,14192,-62,0,14.192,-0.093,-0.0738265
457,14222,1,0,14.222,0.0015,0.041935278
458,14251,170,0,14.251,0.255,0.156894455
459,14282,90,0,14.282,0.135,0.264824602
460,14312,336,0,14.312,0.504,0.363989687
461,14342,248,0,14.342,0.372,0.495494509
462,14372,483,0,14.372,0.7245,0.650369856
463,14402,492,0,14.402,0.738,0.755465017
464,14432,522,0,14.432,0.783,0.790188315
465,14462,535,0,14.462,0.8025,0.80518931
466,14492,552,0,14.492,0.828,0.814345332
467,14522,522,0,14.522,0.783,0.790201225
468,14551,497,0,14.551,0.7455,0.747165675
469,14581,475,0,14.581,0.7125,0.712646835
470,14611,439,0,14.611,0.6585,0.656636552
471,14641,367,0,14.641,0.5505,0.546562389
472,14671,275,0,14.671,0.4125,0.41409425
473,14701,181,0,14.701,0.2715,0.286088018
474,14730,100,0,14.73,0.15,0.13937623
475,14760,30,0,14.76,0.045,0.000371827
476,14791,-115,0,14.791,-0.1725,-0.055887966
477,14821,42,0,14.821,0.063,-0.070772107
478,14851,-171,0,14.851,-0.2565,-0.175162288
479,14881,-240,0,14.881,-0.36,-0.37492466
480,14912,-356,0,14.912,-0.534,-0.553319284
481,14942,-452,0,14.942,-0.678,-0.652572632
482,14972,-455,0,14.972,-0.6825,-0.70524473
483,15002,-507,0,15.002,-0.7605,-0.743560398
484,15032,-508,0,15.032,-0.762,-0.769400182
485,15063,-515,0,15.063,-0.7725,-0.774627974
486,15093,-506,0,15.093,-0.759,-0.752369831
487,15123,-470,0,15.123,-0.705,-0.714115291
488,15153,-474,0,15.153,-0.711,-0.693593333
489,15184,-439,0,15.184,-0.6585,-0.680661304
490,15214,-392,0,15.214,-0.588,-0.586147661
491,15244,-283,0,15.244,-0.4245,-0.403533377
492,15274,-229,0,15.274,-0.3435,-0.325720348
493,15304,-224,0,15.304,-0.336,-0.434558162
494,15334,-343,0,15.334,-0.5145,-0.428259904
495,15364,-96,0,15.364,-0.144,-0.07678838
496,15394,349,0,15.394,0.5235,0.314691226
497,15424,129,0,15.424,0.1935,0.39641309
498,15454,306,0,15.454,0.459,0.340413456
499,15483,246,0,15.483,0.369,0.444378869
500,15514,455,0,15.514,0.6825,0.622815657
501,15543,444,0,15.543,0.666,0.676313509
502,15573,406,0,15.573,0.609,0.6560117
503,15603,492,0,15.603,0.738,0.686318881
504,15633,485,0,15.633,0.7275,0.737515446
505,15662,475,0,15.662,0.7125,0.73644579
506,15692,474,0,15.692,0.711,0.687574349
507,15721,412,0,15.721,0.618,0.623863047
508,15751,376,0,15.751,0.564,0.567166215
509,15781,350,0,15.781,0.525,0.52224474
510,15810,299,0,15.81,0.4485,0.460739047
511,15840,269,0,15.84,0.4035,0.369119281
512,15870,163,0,15.87,0.2445,0.284895188
513,15900,144,0,15.9,0.216,0.199945102
514,15931,21,0,15.931,0.0315,0.033038198
515,15960,-105,0,15.96,-0.1575,-0.19315833
516,15990,-271,0,15.99,-0.4065,-0.328686537
517,16020,-198,0,16.02,-0.297,-0.354036009
518,16051,-267,0,16.051,-0.4005,-0.412169455
519,16081,-381,0,16.081,-0.5715,-0.529117709
520,16111,-393,0,16.111,-0.5895,-0.595793126
521,16141,-382,0,16.141,-0.573,-0.608417775
522,16171,-452,0,16.171,-0.678,-0.646875192
523,16201,-463,0,16.201,-0.6945,-0.69612241
524,16231,-458,0,16.231,-0.687,-0.69704526
525,16260,-442,0,16.26,-0.663,-0.665458328
526,16290,-441,0,16.29,-0.6615,-0.641458162
527,16320,-387,0,16.32,-0.5805,-0.61327744
528,16351,-390,0,16.351,-0.585,-0.540486561
529,16381,-232,0,16.381,-0.348,-0.406488827
530,16411,-215,0,16.411,-0.3225,-0.258316152
531,16440,-98,0,16.44,-0.147,-0.192415355
532,16469,-157,0,16.469,-0.2355,-0.215560346
533,16500,-82,0,16.5,-0.123,-0.161047556
534,16530,-12,0,16.53,-0.018,0.076922722
535,16560,282,0,16.56,0.423,0.317121163
536,16590,221,0,16.59,0.3315,0.369237441
537,16621,229,0,16.621,0.3435,0.365816019
538,16651,330,0,16.651,0.495,0.485910245
539,16681,413,0,16.681,0.6195,0.606115042
540,16711,399,0,16.711,0.5985,0.572528057
541,16741,288,0,16.741,0.432,0.51195998
542,16772,427,0,16.772,0.6405,0.569824173
543,16801,423,0,16.801,0.6345,0.649131912
544,16830,405,0,16.83,0.6075,0.62908567
545,16860,392,0,16.86,0.588,0.567240481
546,16890,358,0,16.89,0.537,0.541876992
547,16920,326,0,16.92,0.489,0.503474312
548,16949,281,0,16.949,0.4215,0.400651116
549,16980,221,0,16.98,0.3315,0.315080127
550,17010,156,0,17.01,0.234,0.316606701
551,17040,262,0,17.04,0.393,0.289201837
552,17070,44,0,17.07,0.066,0.114739313
553,17101,-74,0,17.101,-0.111,-0.096835495
554,17131,-119,0,17.131,-0.1785,-0.193758635
555,17160,-133,0,17.16,-0.1995,-0.223378333
556,17190,-227,0,17.19,-0.3405,-0.297780964
557,17220,-257,0,17.22,-0.3855,-0.412947106
558,17250,-346,0,17.25,-0.519,-0.512767384
559,17280,-385,0,17.28,-0.5775,-0.576837786
560,17310,-406,0,17.31,-0.609,-0.607797191
561,17340,-414,0,17.34,-0.621,-0.618590076
562,17369,-406,0,17.369,-0.609,-0.620844969
563,17399,-412,0,17.399,-0.618,-0.605973032
564,17429,-385,0,17.429,-0.5775,-0.574780921
565,17459,-359,0,17.459,-0.5385,-0.550547437
566,17489,-342,0,17.489,-0.513,-0.515603352
567,17519,-295,0,17.519,-0.4425,-0.423139262
568,17549,-206,0,17.549,-0.309,-0.310408713
569,17579,-144,0,17.579,-0.216,-0.249895373
570,17609,-143,0,17.609,-0.2145,-0.188373375
571,17640,-53,0,17.64,-0.0795,-0.056691184
572,17669,47,0,17.669,0.0705,0.044961136
573,17699,76,0,17.699,0.114,0.065328144
574,17730,60,0,17.73,0.09,0.178464761
575,17760,269,0,17.76,0.4035,0.395516261
576,17790,329,0,17.79,0.4935,0.418937033
577,17820,159,0,17.82,0.2385,0.2316764
578,17850,25,0,17.85,0.0375,0.22383247
579,17880,481,0,17.88,0.7215,0.476940131
580,17910,339,0,17.91,0.5085,0.637004848
581,17940,381,0,17.94,0.5715,0.579207118
582,17970,378,0,17.97,0.567,0.516080465
583,18000,328,0,18,0.492,0.529352647
584,18031,365,0,18.031,0.5475,0.520138384
585,18060,302,0,18.06,0.453,0.46927764
586,18090,270,0,18.09,0.405,0.414055027
587,18120,228,0,18.12,0.342,0.326644984
588,18150,154,0,18.15,0.231,0.206171835
589,18180,32,0,18.18,0.048,0.109553859
590,18209,9,0,18.209,0.0135,-0.00129498
591,18239,-59,0,18.239,-0.0885,-0.18545764
592,18269,-308,0,18.269,-0.462,-0.312511465
593,18299,-124,0,18.299,-0.186,-0.264497584
594,18329,-119,0,18.329,-0.1785,-0.204158942
595,18359,-236,0,18.359,-0.354,-0.302208178
596,18389,-293,0,18.389,-0.4395,-0.452713239
597,18419,-333,0,18.419,-0.4995,-0.510413474
598,18449,-343,0,18.449,-0.5145,-0.513676606
599,18479,-360,0,18.479,-0.54,-0.532632634
600,18509,-367,0,18.509,-0.5505,-0.547413491
601,18539,-347,0,18.539,-0.5205,-0.534829435
602,18569,-350,0,18.569,-0.525,-0.515221592
603,18599,-339,0,18.599,-0.5085,-0.498821187
604,18630,-285,0,18.63,-0.4275,-0.463832656
605,18660,-298,0,18.66,-0.447,-0.384319105
606,18690,-117,0,18.69,-0.1755,-0.253701985
607,18720,-117,0,18.72,-0.1755,-0.107273467
608,18750,-5,0,18.75,-0.0075,-0.037825767
609,18780,-65,0,18.78,-0.0975,-0.104772581
610,18811,-130,0,18.811,-0.195,-0.170343137
611,18841,51,0,18.841,0.0765,0.007969937
612,18871,146,0,18.871,0.219,0.408788757
613,18901,692,0,18.901,1.038,0.710463064
614,18932,245,0,18.932,0.3675,0.728222895
615,18962,572,0,18.962,0.858,0.596274483
616,18992,251,0,18.992,0.3765,0.490000161
617,19022,307,0,19.022,0.4605,0.454374052
618,19052,332,0,19.052,0.498,0.469959586
619,19082,329,0,19.082,0.4935,0.502105281
620,19112,328,0,19.112,0.492,0.515290844
621,19143,351,0,19.143,0.5265,0.493073625
622,19173,288,0,19.173,0.432,0.445612603
623,19203,254,0,19.203,0.381,0.394378229
624,19233,237,0,19.233,0.3555,0.341649132
625,19264,203,0,19.264,0.3045,0.285845631
626,19293,127,0,19.293,0.1905,0.238977821
627,19323,142,0,19.323,0.213,0.174576558
628,19352,32,0,19.352,0.048,0.053706187
629,19382,-41,0,19.382,-0.0615,-0.067216846
630,19413,-110,0,19.413,-0.165,-0.118212433
631,19442,-68,0,19.442,-0.102,-0.169450561
632,19472,-219,0,19.472,-0.3285,-0.299774272
633,19503,-298,0,19.503,-0.447,-0.423065396
634,19533,-274,0,19.533,-0.411,-0.443275497
635,19563,-285,0,19.563,-0.4275,-0.420762072
636,19592,-297,0,19.592,-0.4455,-0.437871843
637,19622,-313,0,19.622,-0.4695,-0.471430258
638,19652,-319,0,19.652,-0.4785,-0.479575861
639,19683,-308,0,19.683,-0.462,-0.468868012
640,19712,-306,0,19.712,-0.459,-0.447489346
641,19742,-272,0,19.742,-0.408,-0.413730703
642,19773,-255,0,19.773,-0.3825,-0.376444995
643,19803,-200,0,19.803,-0.3,-0.32980299
644,19833,-215,0,19.833,-0.3225,-0.26351818
645,19863,-105,0,19.863,-0.1575,-0.203112925
646,19893,-82,0,19.893,-0.123,-0.150739447
647,19924,-110,0,19.924,-0.165,-0.059870627
648,19954,103,0,19.954,0.1545,0.042906045
649,19984,18,0,19.984,0.027,0.078444184
650,20014,64,0,20.014,0.096,0.090203603
651,20044,101,0,20.044,0.1515,0.172582559
652,20075,223,0,20.075,0.3345,0.279826368
653,20105,181,0,20.105,0.2715,0.322917712
654,20134,234,0,20.134,0.351,0.333359859
655,20164,255,0,20.164,0.3825,0.374166625
656,20194,273,0,20.194,0.4095,0.42072248
657,20224,280,0,20.224,0.42,0.422388571
658,20254,277,0,20.254,0.4155,0.392144156
659,20283,227,0,20.283,0.3405,0.37775677
660,20313,274,0,20.313,0.411,0.381190039
661,20343,236,0,20.343,0.354,0.361871368
662,20374,204,0,20.374,0.306,0.311380771
663,20403,171,0,20.403,0.2565,0.256962255
664,20432,140,0,20.432,0.21,0.192288247
665,20463,29,0,20.463,0.0435,0.081791618
666,20492,3,0,20.492,0.0045,-0.046075713
667,20523,-81,0,20.523,-0.1215,-0.088368872
668,20553,-23,0,20.553,-0.0345,-0.025922804
669,20583,11,0,20.583,0.0165,-0.008178633
670,20613,-89,0,20.613,-0.1335,-0.142212788
671,20642,-234,0,20.642,-0.351,-0.308732618
672,20672,-219,0,20.672,-0.3285,-0.358727589
673,20702,-226,0,20.702,-0.339,-0.339423227
674,20732,-243,0,20.732,-0.3645,-0.35777649
675,20762,-265,0,20.762,-0.3975,-0.395507567
676,20792,-268,0,20.792,-0.402,-0.397984963
677,20822,-244,0,20.822,-0.366,-0.38615564
678,20852,-272,0,20.852,-0.408,-0.385862036
679,20883,-243,0,20.883,-0.3645,-0.373307959
680,20913,-223,0,20.913,-0.3345,-0.335434012
681,20943,-191,0,20.943,-0.2865,-0.281712163
682,20973,-120,0,20.973,-0.18,-0.202589957
683,21003,-112,0,21.003,-0.168,-0.114309666
684,21034,-15,0,21.034,-0.0225,-0.07549784
685,21064,-33,0,21.064,-0.0495,-0.057955876
686,21094,-22,0,21.094,-0.033,0.035067479
687,21124,115,0,21.124,0.1725,0.144241683
688,21154,152,0,21.154,0.228,0.132625926
689,21184,-54,0,21.184,-0.081,0.087982024
690,21214,198,0,21.214,0.297,0.178755956
691,21243,204,0,21.243,0.306,0.326960884
692,21273,235,0,21.273,0.3525,0.370940024
693,21303,225,0,21.303,0.3375,0.339003158
694,21333,232,0,21.333,0.348,0.329702962
695,21363,231,0,21.363,0.3465,0.350149102
696,21392,234,0,21.392,0.351,0.370455215
697,21423,263,0,21.423,0.3945,0.371957679
698,21453,222,0,21.453,0.333,0.338492033
699,21483,179,0,21.483,0.2685,0.279038558
700,21513,156,0,21.513,0.234,0.222558467
701,21542,116,0,21.542,0.174,0.177148563
702,21573,87,0,21.573,0.1305,0.129987188
703,21602,43,0,21.602,0.0645,0.07675847
704,21632,45,0,21.632,0.0675,0.036216521
705,21661,-6,0,21.661,-0.009,0.024389034
706,21691,3,0,21.691,0.0045,0.003581711
707,21721,-24,0,21.721,-0.036,-0.080561087
708,21751,-167,0,21.751,-0.2505,-0.191098267
709,21781,-137,0,21.781,-0.2055,-0.241984713
710,21812,-173,0,21.812,-0.2595,-0.249093194
711,21842,-195,0,21.842,-0.2925,-0.291644825
712,21872,-225,0,21.872,-0.3375,-0.346426762
713,21902,-225,0,21.902,-0.3375,-0.332815489
714,21932,-223,0,21.932,-0.3345,-0.296375633
715,21963,-166,0,21.963,-0.249,-0.341591875
716,21993,-330,0,21.993,-0.495,-0.406873101
717,22023,-226,0,22.023,-0.339,-0.358623378
718,22053,-149,0,22.053,-0.2235,-0.254058393
719,22084,-162,0,22.084,-0.243,-0.228300265
720,22114,-168,0,22.114,-0.252,-0.238519258
721,22144,-128,0,22.144,-0.192,-0.184298537
722,22174,-32,0,22.174,-0.048,-0.106565272
723,22204,-102,0,22.204,-0.153,-0.068383065
724,22235,33,0,22.235,0.0495,-0.028042186
725,22265,-9,0,22.265,-0.0135,0.053230753
726,22295,133,0,22.295,0.1995,0.13457073
727,22325,76,0,22.325,0.114,0.172683625
728,22355,142,0,22.355,0.213,0.177244343
729,22384,124,0,22.384,0.186,0.18828466
730,22414,142,0,22.414,0.213,0.233049185
731,22444,201,0,22.444,0.3015,0.286032319
732,22474,200,0,22.474,0.3,0.298655723
733,22505,190,0,22.505,0.285,0.284581569
734,22534,182,0,22.534,0.273,0.295318086
735,22564,232,0,22.564,0.348,0.315584048
736,22593,184,0,22.593,0.276,0.290145695
737,22624,142,0,22.624,0.213,0.222223853
738,22654,108,0,22.654,0.162,0.152983496
739,22684,76,0,22.684,0.114,0.103342246
740,22714,41,0,22.714,0.0615,0.080566703
741,22744,44,0,22.744,0.066,0.068915514
742,22774,43,0,22.774,0.0645,0.025940081
743,22804,-72,0,22.804,-0.108,-0.051077454
744,22835,-41,0,22.835,-0.0615,-0.111855712
745,22865,-114,0,22.865,-0.171,-0.138717335
746,22895,-106,0,22.895,-0.159,-0.167602241
747,22925,-126,0,22.925,-0.189,-0.210285692
748,22955,-187,0,22.955,-0.2805,-0.238413134
749,22984,-146,0,22.984,-0.219,-0.251698903
750,23014,-183,0,23.014,-0.2745,-0.27158062
751,23044,-189,0,23.044,-0.2835,-0.276687349
752,23073,-180,0,23.073,-0.27,-0.246694607
753,23103,-107,0,23.103,-0.1605,-0.222033135
754,23133,-194,0,23.133,-0.291,-0.225733462
755,23164,-122,0,23.164,-0.183,-0.219933515
756,23194,-138,0,23.194,-0.207,-0.193387879
757,23223,-105,0,23.223,-0.1575,-0.168037156
758,23253,-87,0,23.253,-0.1305,-0.12261523
759,23283,-33,0,23.283,-0.0495,-0.048192321
760,23313,-25,0,23.313,-0.0375,-0.028071527
761,23343,-41,0,23.343,-0.0615,-0.107946826
762,23373,-155,0,23.373,-0.2325,-0.164950669
763,23403,-18,0,23.403,-0.027,-0.074962096
764,23433,42,0,23.433,0.063,0.086894215
765,23462,137,0,23.462,0.2055,0.176157976
766,23492,97,0,23.492,0.1455,0.189571817
767,23522,161,0,23.522,0.2415,0.204433211
768,23552,145,0,23.552,0.2175,0.230588245
769,23582,152,0,23.582,0.228,0.233422626
770,23612,150,0,23.612,0.225,0.217657541
771,23643,150,0,23.643,0.225,0.218325443
772,23673,142,0,23.673,0.213,0.240381804
773,23703,188,0,23.703,0.282,0.244594828
774,23733,118,0,23.733,0.177,0.203859107
775,23763,101,0,23.763,0.1515,0.145364972
776,23793,78,0,23.793,0.117,0.109718311
777,23823,60,0,23.823,0.09,0.095727342
778,23852,40,0,23.852,0.06,0.067587634
779,23882,17,0,23.882,0.0255,0.004426177
780,23912,-59,0,23.912,-0.0885,-0.067071219
781,23942,-64,0,23.942,-0.096,-0.1048485
782,23972,-72,0,23.972,-0.108,-0.110997847
783,24002,-86,0,24.002,-0.129,-0.122364057
784,24032,-96,0,24.032,-0.144,-0.150682118
785,24062,-121,0,24.062,-0.1815,-0.175110882
786,24092,-121,0,24.092,-0.1815,-0.185299071
787,24121,-129,0,24.121,-0.1935,-0.193345696
788,24151,-137,0,24.151,-0.2055,-0.204984384
789,24180,-140,0,24.18,-0.21,-0.209048435
790,24210,-133,0,24.21,-0.1995,-0.199726667
791,24238,-122,0,24.238,-0.183,-0.186494804
792,24267,-122,0,24.267,-0.183,-0.175308715
793,24297,-98,0,24.297,-0.147,-0.156638261
794,24326,-86,0,24.326,-0.129,-0.124575526
795,24355,-71,0,24.355,-0.1065,-0.094909326
796,24384,-32,0,24.384,-0.048,-0.074470525
797,24414,-32,0,24.414,-0.048,-0.033175482
798,24444,6,0,24.444,0.009,0.036381299
799,24474,95,0,24.474,0.1425,0.079822952
800,24503,14,0,24.503,0.021,0.073828798
801,24533,53,0,24.533,0.0795,0.069416388
802,24563,73,0,24.563,0.1095,0.089799772
803,24593,58,0,24.593,0.087,0.103329597
804,24624,72,0,24.624,0.108,0.107572855
805,24653,88,0,24.653,0.132,0.126964857
806,24684,101,0,24.684,0.1515,0.153081234
807,24714,110,0,24.714,0.165,0.164270014
808,24744,107,0,24.744,0.1605,0.1640094
809,24772,110,0,24.772,0.165,0.161034608
810,24800,99,0,24.8,0.1485,0.150291647
811,24831,88,0,24.831,0.132,0.130476251
812,24861,71,0,24.861,0.1065,0.109934781
813,24891,62,0,24.891,0.093,0.089572488
814,24921,43,0,24.921,0.0645,0.065787902
815,24951,33,0,24.951,0.0495,0.048611462
816,24981,31,0,24.981,0.0465,0.046763228
817,25011,21,0,25.011,0.0315,0.039538239
818,25041,16,0,25.041,0.024,0.002553562
819,25071,-48,0,25.071,-0.072,-0.046784839
820,25101,-41,0,25.101,-0.0615,-0.074915736
821,25131,-56,0,25.131,-0.084,-0.085393973
822,25162,-72,0,25.162,-0.108,-0.10171095
823,25192,-81,0,25.192,-0.1215,-0.124663523
824,25221,-95,0,25.221,-0.1425,-0.141583461
825,25250,-98,0,25.25,-0.147,-0.149555784
826,25280,-104,0,25.28,-0.156,-0.151829331
827,25310,-99,0,25.31,-0.1485,-0.150246906
828,25339,-93,0,25.339,-0.1395,-0.142372152
829,25369,-84,0,25.369,-0.126,-0.12329528
830,25399,-71,0,25.399,-0.1065,-0.102069851
831,25429,-60,0,25.429,-0.09,-0.098725636
832,25459,-70,0,25.459,-0.105,-0.103799689
833,25489,-60,0,25.489,-0.09,-0.081165844
834,25519,-20,0,25.519,-0.03,-0.036325952
835,25549,-11,0,25.549,-0.0165,-0.019247694
836,25579,-24,0,25.579,-0.036,-0.035338589
837,25610,-28,0,25.61,-0.042,-0.031708875
838,25648,15,0,25.648,0.0225,0.010440347
839,25676,33,0,25.676,0.0495,0.051524894
840,25707,42,0,25.707,0.063,0.068261814
841,25736,54,0,25.736,0.081,0.078200891
842,25765,63,0,25.765,0.0945,0.091954987
843,25796,63,0,25.796,0.0945,0.099195825
844,25824,68,0,25.824,0.102,0.097412577
845,25852,62,0,25.852,0.093,0.096531031
846,25881,66,0,25.881,0.099,0.098046367
847,25912,63,0,25.912,0.0945,0.093121639
848,25944,54,0,25.944,0.081,0.081563917
849,25975,48,0,25.975,0.072,0.073955782
850,26006,49,0,26.006,0.0735,0.07116185
851,26037,40,0,26.037,0.06,0.060518745
852,26068,25,0,26.068,0.0375,0.039464846
853,26100,20,0,26.1,0.03,0.02287127
854,26131,0,0,26.131,0,0.01512675
855,26163,11,0,26.163,0.0165,-0.001462631
856,26197,-28,0,26.197,-0.042,-0.032636502
857,26227,-40,0,26.227,-0.06,-0.056932942
858,26257,-38,0,26.257,-0.057,-0.064058823
859,26288,-49,0,26.288,-0.0735,-0.070335599
860,26318,-54,0,26.318,-0.081,-0.082631678
861,26348,-63,0,26.348,-0.0945,-0.089388072
862,26379,-56,0,26.379,-0.084,-0.089897586
863,26409,-62,0,26.409,-0.093,-0.092997517
